{"cameraMode":{"drawMode":0,"name":"Shaded","section":"Shading Mode"},"sceneLighting":false,"audioPlay":false,"sceneViewState":{"m_AlwaysRefresh":false,"showFog":false,"showSkybox":false,"showFlares":false,"showImageEffects":false,"showParticleSystems":false,"showVisualEffectGraphs":true,"m_FxEnabled":true},"in2DMode":false,"pivot":{"x":-0.11601650714874268,"y":0.931022047996521,"z":-1.4965853691101075},"rotation":{"x":0.007926110178232193,"y":-0.9918923377990723,"z":0.07933031767606735,"w":0.09912507236003876},"size":2.4083685874938967,"orthographic":false}